{"cameraMode":{"drawMode":0,"name":"Shaded","section":"Shading Mode"},"sceneLighting":false,"audioPlay":false,"sceneViewState":{"showFog":true,"showMaterialUpdate":false,"showSkybox":false,"showFlares":true,"showImageEffects":true,"showParticleSystems":true,"showVisualEffectGraphs":true,"m_FxEnabled":true},"in2DMode":false,"pivot":{"x":-0.06309700012207031,"y":-1.1181085109710694,"z":-1.1756794452667237},"rotation":{"x":-0.018222305923700334,"y":0.9294621348381043,"z":-0.046333976089954379,"w":-0.3655366003513336},"size":2.780726432800293,"orthographic":false}