{"cameraMode":{"drawMode":0,"name":"Shaded","section":"Shading Mode"},"sceneLighting":false,"audioPlay":false,"sceneViewState":{"showFog":true,"showMaterialUpdate":false,"showSkybox":false,"showFlares":true,"showImageEffects":true,"showParticleSystems":true,"showVisualEffectGraphs":true,"m_FxEnabled":true},"in2DMode":false,"pivot":{"x":3.0797364711761476,"y":3.1541402339935304,"z":0.8315685391426086},"rotation":{"x":0.12766577303409577,"y":-0.5712125301361084,"z":0.09418679028749466,"w":0.8053035140037537},"size":0.6081117391586304,"orthographic":false}