{"cameraMode":{"drawMode":0,"name":"Shaded","section":"Shading Mode"},"sceneLighting":false,"audioPlay":false,"sceneViewState":{"showFog":true,"showMaterialUpdate":false,"showSkybox":false,"showFlares":true,"showImageEffects":true,"showParticleSystems":true,"showVisualEffectGraphs":true,"m_FxEnabled":true},"in2DMode":false,"pivot":{"x":-33.72089767456055,"y":4.254000186920166,"z":-2.5748648643493654},"rotation":{"x":0.16432572901248933,"y":-0.035920556634664538,"z":0.008985524997115136,"w":0.9856952428817749},"size":2.2507576942443849,"orthographic":false}