{"cameraMode":{"drawMode":0,"name":"Shaded","section":"Shading Mode"},"sceneLighting":true,"audioPlay":false,"sceneViewState":{"showFog":true,"showMaterialUpdate":false,"showSkybox":false,"showFlares":true,"showImageEffects":true,"showParticleSystems":true,"showVisualEffectGraphs":true,"m_FxEnabled":true},"in2DMode":false,"pivot":{"x":-9.085132598876954,"y":3.6270580291748049,"z":-11.564875602722168},"rotation":{"x":0.011244073510169983,"y":-0.9804514050483704,"z":0.16197027266025544,"w":0.11707578599452973},"size":4.849742412567139,"orthographic":false}